image_id,degraded_image_path,true_label,predicted_label,prob_normal,prob_noise,prob_blur,prob_low_contrast,prob_mixed,true_has_noise,true_has_blur,true_has_low_contrast,pred_has_noise,pred_has_blur,pred_has_low_contrast,prob_has_noise,prob_has_blur,prob_has_low_contrast,true_noise_sigma,predicted_noise_sigma
01_test,C:/Users/20804/Desktop/math/mathclass/data/processed/degraded/test/normal/01_test_normal.png,normal,low_contrast,0.43,0.012,0.012,0.454,0.092,0,0,0,0,0,1,0.162,0.016,0.686,,13.303666666666667
01_test,C:/Users/20804/Desktop/math/mathclass/data/processed/degraded/test/noise/01_test_noise_sigma5.png,noise,noise,0.006,0.806,0.0,0.04,0.148,1,0,0,1,0,0,0.998,0.002,0.492,5,6.800666666666666
01_test,C:/Users/20804/Desktop/math/mathclass/data/processed/degraded/test/noise/01_test_noise_sigma15.png,noise,noise,0.002,0.952,0.002,0.004,0.04,1,0,0,1,0,0,1.0,0.0,0.07,15,14.765333333333334
01_test,C:/Users/20804/Desktop/math/mathclass/data/processed/degraded/test/noise/01_test_noise_sigma30.png,noise,noise,0.0,1.0,0.0,0.0,0.0,1,0,0,1,0,0,1.0,0.0,0.028,30,29.96
01_test,C:/Users/20804/Desktop/math/mathclass/data/processed/degraded/test/blur/01_test_blur_k3.png,blur,blur,0.0,0.0,0.546,0.262,0.192,0,1,0,0,1,0,0.192,0.908,0.454,,14.820333333333334
01_test,C:/Users/20804/Desktop/math/mathclass/data/processed/degraded/test/blur/01_test_blur_k5.png,blur,blur,0.0,0.0,0.746,0.056,0.198,0,1,0,0,1,0,0.078,0.986,0.386,,14.967
01_test,C:/Users/20804/Desktop/math/mathclass/data/processed/degraded/test/blur/01_test_blur_k7.png,blur,blur,0.0,0.0,0.682,0.052,0.266,0,1,0,0,1,0,0.016,0.984,0.414,,14.967
01_test,C:/Users/20804/Desktop/math/mathclass/data/processed/degraded/test/low_contrast/01_test_lowcontrast_alpha04.png,low_contrast,low_contrast,0.0,0.0,0.0,0.946,0.054,0,0,1,0,0,1,0.052,0.034,1.0,,15.0
01_test,C:/Users/20804/Desktop/math/mathclass/data/processed/degraded/test/low_contrast/01_test_lowcontrast_alpha06.png,low_contrast,low_contrast,0.0,0.0,0.002,0.898,0.1,0,0,1,0,0,1,0.216,0.206,0.994,,14.98
01_test,C:/Users/20804/Desktop/math/mathclass/data/processed/degraded/test/low_contrast/01_test_lowcontrast_alpha08.png,low_contrast,low_contrast,0.24,0.01,0.006,0.692,0.052,0,0,1,0,0,1,0.034,0.01,0.894,,14.30404761904762
01_test,C:/Users/20804/Desktop/math/mathclass/data/processed/degraded/test/mixed/01_test_mixed_noise15_blur5.png,mixed,mixed,0.008,0.002,0.08,0.12,0.79,1,1,0,1,1,0,0.822,0.894,0.376,15,14.967
01_test,C:/Users/20804/Desktop/math/mathclass/data/processed/degraded/test/mixed/01_test_mixed_noise15_contrast06.png,mixed,mixed,0.004,0.012,0.0,0.006,0.978,1,0,1,1,0,1,0.998,0.0,0.972,15,14.805714285714286
01_test,C:/Users/20804/Desktop/math/mathclass/data/processed/degraded/test/mixed/01_test_mixed_blur5_contrast06.png,mixed,mixed,0.0,0.0,0.03,0.094,0.876,0,1,1,0,1,1,0.008,0.838,0.986,,15.0
01_test,C:/Users/20804/Desktop/math/mathclass/data/processed/degraded/test/mixed/01_test_mixed_noise15_blur5_contrast06.png,mixed,mixed,0.0,0.0,0.006,0.134,0.86,1,1,1,1,1,1,0.84,0.808,0.996,15,15.0
02_test,C:/Users/20804/Desktop/math/mathclass/data/processed/degraded/test/normal/02_test_normal.png,normal,normal,0.612,0.014,0.028,0.3,0.046,0,0,0,0,0,0,0.08,0.034,0.232,,13.024999999999997
02_test,C:/Users/20804/Desktop/math/mathclass/data/processed/degraded/test/noise/02_test_noise_sigma5.png,noise,noise,0.014,0.906,0.0,0.024,0.056,1,0,0,1,0,0,0.974,0.008,0.078,5,6.607000000000002
02_test,C:/Users/20804/Desktop/math/mathclass/data/processed/degraded/test/noise/02_test_noise_sigma15.png,noise,noise,0.002,0.968,0.002,0.004,0.024,1,0,0,1,0,0,1.0,0.006,0.022,15,14.53633333333333
02_test,C:/Users/20804/Desktop/math/mathclass/data/processed/degraded/test/noise/02_test_noise_sigma30.png,noise,noise,0.0,0.974,0.0,0.004,0.022,1,0,0,1,0,0,0.998,0.004,0.02,30,28.456666666666667
02_test,C:/Users/20804/Desktop/math/mathclass/data/processed/degraded/test/blur/02_test_blur_k3.png,blur,blur,0.006,0.002,0.782,0.074,0.136,0,1,0,0,1,0,0.144,0.974,0.13,,14.751333333333331
02_test,C:/Users/20804/Desktop/math/mathclass/data/processed/degraded/test/blur/02_test_blur_k5.png,blur,blur,0.004,0.002,0.952,0.01,0.032,0,1,0,0,1,0,0.092,0.994,0.092,,14.751333333333331
02_test,C:/Users/20804/Desktop/math/mathclass/data/processed/degraded/test/blur/02_test_blur_k7.png,blur,blur,0.004,0.002,0.892,0.022,0.08,0,1,0,0,1,0,0.01,0.978,0.134,,14.751333333333331
02_test,C:/Users/20804/Desktop/math/mathclass/data/processed/degraded/test/low_contrast/02_test_lowcontrast_alpha04.png,low_contrast,low_contrast,0.0,0.0,0.002,0.672,0.326,0,0,1,0,0,1,0.184,0.256,1.0,,15.0
02_test,C:/Users/20804/Desktop/math/mathclass/data/processed/degraded/test/low_contrast/02_test_lowcontrast_alpha06.png,low_contrast,low_contrast,0.002,0.0,0.024,0.736,0.238,0,0,1,0,0,1,0.36,0.388,0.94,,14.96
02_test,C:/Users/20804/Desktop/math/mathclass/data/processed/degraded/test/low_contrast/02_test_lowcontrast_alpha08.png,low_contrast,low_contrast,0.012,0.0,0.194,0.682,0.112,0,0,1,0,0,1,0.05,0.148,0.76,,14.66
02_test,C:/Users/20804/Desktop/math/mathclass/data/processed/degraded/test/mixed/02_test_mixed_noise15_blur5.png,mixed,mixed,0.01,0.004,0.186,0.038,0.762,1,1,0,1,1,0,0.776,0.954,0.15,15,14.807999999999998
02_test,C:/Users/20804/Desktop/math/mathclass/data/processed/degraded/test/mixed/02_test_mixed_noise15_contrast06.png,mixed,mixed,0.0,0.002,0.0,0.004,0.994,1,0,1,1,0,1,1.0,0.0,1.0,15,14.647000000000002
02_test,C:/Users/20804/Desktop/math/mathclass/data/processed/degraded/test/mixed/02_test_mixed_blur5_contrast06.png,mixed,mixed,0.0,0.0,0.086,0.06,0.854,0,1,1,0,1,1,0.036,0.886,0.938,,15.0
02_test,C:/Users/20804/Desktop/math/mathclass/data/processed/degraded/test/mixed/02_test_mixed_noise15_blur5_contrast06.png,mixed,mixed,0.0,0.0,0.042,0.062,0.896,1,1,1,1,1,1,0.88,0.878,0.97,15,14.99
03_test,C:/Users/20804/Desktop/math/mathclass/data/processed/degraded/test/normal/03_test_normal.png,normal,low_contrast,0.112,0.002,0.008,0.738,0.14,0,0,0,0,0,1,0.064,0.038,0.83,,14.825714285714286
03_test,C:/Users/20804/Desktop/math/mathclass/data/processed/degraded/test/noise/03_test_noise_sigma5.png,noise,noise,0.034,0.648,0.002,0.074,0.242,1,0,0,1,0,1,0.982,0.002,0.772,5,8.887000000000002
03_test,C:/Users/20804/Desktop/math/mathclass/data/processed/degraded/test/noise/03_test_noise_sigma15.png,noise,noise,0.0,0.82,0.0,0.0,0.18,1,0,0,1,0,0,0.998,0.0,0.294,15,14.851666666666667
03_test,C:/Users/20804/Desktop/math/mathclass/data/processed/degraded/test/noise/03_test_noise_sigma30.png,noise,noise,0.0,0.904,0.0,0.0,0.096,1,0,0,1,0,0,1.0,0.0,0.238,30,29.65
03_test,C:/Users/20804/Desktop/math/mathclass/data/processed/degraded/test/blur/03_test_blur_k3.png,blur,mixed,0.0,0.002,0.072,0.094,0.832,0,1,0,1,1,1,0.86,0.9,0.91,,14.983333333333334
03_test,C:/Users/20804/Desktop/math/mathclass/data/processed/degraded/test/blur/03_test_blur_k5.png,blur,mixed,0.0,0.0,0.31,0.022,0.668,0,1,0,0,1,1,0.034,0.926,0.84,,14.993333333333334
03_test,C:/Users/20804/Desktop/math/mathclass/data/processed/degraded/test/blur/03_test_blur_k7.png,blur,mixed,0.0,0.0,0.254,0.036,0.71,0,1,0,0,1,1,0.028,0.938,0.822,,14.993333333333334
03_test,C:/Users/20804/Desktop/math/mathclass/data/processed/degraded/test/low_contrast/03_test_lowcontrast_alpha04.png,low_contrast,low_contrast,0.0,0.0,0.042,0.526,0.432,0,0,1,0,0,1,0.036,0.428,0.978,,14.829666666666665
03_test,C:/Users/20804/Desktop/math/mathclass/data/processed/degraded/test/low_contrast/03_test_lowcontrast_alpha06.png,low_contrast,low_contrast,0.0,0.0,0.004,0.902,0.094,0,0,1,0,0,1,0.082,0.076,0.94,,14.76533333333333
03_test,C:/Users/20804/Desktop/math/mathclass/data/processed/degraded/test/low_contrast/03_test_lowcontrast_alpha08.png,low_contrast,low_contrast,0.006,0.0,0.004,0.86,0.13,0,0,1,0,0,1,0.242,0.24,0.98,,14.95
03_test,C:/Users/20804/Desktop/math/mathclass/data/processed/degraded/test/mixed/03_test_mixed_noise15_blur5.png,mixed,mixed,0.018,0.004,0.02,0.302,0.656,1,1,0,1,1,1,0.754,0.746,0.726,15,14.93904761904762
03_test,C:/Users/20804/Desktop/math/mathclass/data/processed/degraded/test/mixed/03_test_mixed_noise15_contrast06.png,mixed,mixed,0.008,0.04,0.006,0.024,0.922,1,0,1,1,0,1,0.98,0.014,0.59,15,14.570333333333334
03_test,C:/Users/20804/Desktop/math/mathclass/data/processed/degraded/test/mixed/03_test_mixed_blur5_contrast06.png,mixed,mixed,0.0,0.0,0.094,0.206,0.7,0,1,1,0,1,1,0.026,0.7,0.848,,14.77533333333333
03_test,C:/Users/20804/Desktop/math/mathclass/data/processed/degraded/test/mixed/03_test_mixed_noise15_blur5_contrast06.png,mixed,mixed,0.0,0.0,0.026,0.302,0.672,1,1,1,1,1,1,0.606,0.686,0.936,15,14.77533333333333
04_test,C:/Users/20804/Desktop/math/mathclass/data/processed/degraded/test/normal/04_test_normal.png,normal,normal,0.864,0.062,0.01,0.054,0.01,0,0,0,0,0,0,0.116,0.014,0.022,,11.607492063492062
04_test,C:/Users/20804/Desktop/math/mathclass/data/processed/degraded/test/noise/04_test_noise_sigma5.png,noise,noise,0.012,0.974,0.0,0.002,0.012,1,0,0,1,0,0,0.986,0.0,0.022,5,6.605269841269841
04_test,C:/Users/20804/Desktop/math/mathclass/data/processed/degraded/test/noise/04_test_noise_sigma15.png,noise,noise,0.0,1.0,0.0,0.0,0.0,1,0,0,1,0,0,1.0,0.0,0.006,15,15.161055555555556
04_test,C:/Users/20804/Desktop/math/mathclass/data/processed/degraded/test/noise/04_test_noise_sigma30.png,noise,noise,0.0,1.0,0.0,0.0,0.0,1,0,0,1,0,0,0.998,0.0,0.026,30,29.975
04_test,C:/Users/20804/Desktop/math/mathclass/data/processed/degraded/test/blur/04_test_blur_k3.png,blur,blur,0.066,0.008,0.648,0.064,0.214,0,1,0,0,1,0,0.142,0.856,0.11,,13.353269841269839
04_test,C:/Users/20804/Desktop/math/mathclass/data/processed/degraded/test/blur/04_test_blur_k5.png,blur,blur,0.002,0.002,0.924,0.028,0.044,0,1,0,0,1,0,0.036,0.962,0.054,,13.981047619047617
04_test,C:/Users/20804/Desktop/math/mathclass/data/processed/degraded/test/blur/04_test_blur_k7.png,blur,blur,0.004,0.0,0.93,0.014,0.052,0,1,0,0,1,0,0.046,0.974,0.052,,14.674047619047618
04_test,C:/Users/20804/Desktop/math/mathclass/data/processed/degraded/test/low_contrast/04_test_lowcontrast_alpha04.png,low_contrast,low_contrast,0.014,0.0,0.066,0.79,0.13,0,0,1,0,0,1,0.072,0.376,0.958,,14.985
04_test,C:/Users/20804/Desktop/math/mathclass/data/processed/degraded/test/low_contrast/04_test_lowcontrast_alpha06.png,low_contrast,low_contrast,0.002,0.0,0.112,0.808,0.078,0,0,1,0,0,1,0.038,0.158,0.908,,14.501
04_test,C:/Users/20804/Desktop/math/mathclass/data/processed/degraded/test/low_contrast/04_test_lowcontrast_alpha08.png,low_contrast,normal,0.692,0.004,0.036,0.258,0.01,0,0,1,0,0,0,0.014,0.018,0.202,,12.121222222222222
04_test,C:/Users/20804/Desktop/math/mathclass/data/processed/degraded/test/mixed/04_test_mixed_noise15_blur5.png,mixed,mixed,0.02,0.012,0.222,0.046,0.7,1,1,0,1,1,0,0.718,0.794,0.058,15,13.395936507936506
04_test,C:/Users/20804/Desktop/math/mathclass/data/processed/degraded/test/mixed/04_test_mixed_noise15_contrast06.png,mixed,mixed,0.0,0.228,0.0,0.004,0.768,1,0,1,1,0,1,0.998,0.0,0.858,15,14.87
04_test,C:/Users/20804/Desktop/math/mathclass/data/processed/degraded/test/mixed/04_test_mixed_blur5_contrast06.png,mixed,mixed,0.0,0.0,0.26,0.07,0.67,0,1,1,0,1,1,0.028,0.97,0.82,,14.97
04_test,C:/Users/20804/Desktop/math/mathclass/data/processed/degraded/test/mixed/04_test_mixed_noise15_blur5_contrast06.png,mixed,mixed,0.0,0.0,0.154,0.194,0.652,1,1,1,0,1,1,0.486,0.952,0.848,15,14.98
05_test,C:/Users/20804/Desktop/math/mathclass/data/processed/degraded/test/normal/05_test_normal.png,normal,normal,0.75,0.014,0.006,0.22,0.01,0,0,0,0,0,0,0.004,0.004,0.28,,12.414047619047619
05_test,C:/Users/20804/Desktop/math/mathclass/data/processed/degraded/test/noise/05_test_noise_sigma5.png,noise,noise,0.01,0.888,0.0,0.016,0.086,1,0,0,1,0,0,0.998,0.0,0.192,5,6.111380952380952
05_test,C:/Users/20804/Desktop/math/mathclass/data/processed/degraded/test/noise/05_test_noise_sigma15.png,noise,noise,0.0,0.982,0.0,0.0,0.018,1,0,0,1,0,0,1.0,0.002,0.074,15,14.785000000000002
05_test,C:/Users/20804/Desktop/math/mathclass/data/processed/degraded/test/noise/05_test_noise_sigma30.png,noise,noise,0.0,0.99,0.0,0.0,0.01,1,0,0,1,0,0,1.0,0.0,0.036,30,29.91
05_test,C:/Users/20804/Desktop/math/mathclass/data/processed/degraded/test/blur/05_test_blur_k3.png,blur,blur,0.02,0.0,0.624,0.242,0.114,0,1,0,0,1,0,0.088,0.892,0.226,,14.317380952380951
05_test,C:/Users/20804/Desktop/math/mathclass/data/processed/degraded/test/blur/05_test_blur_k5.png,blur,blur,0.0,0.0,0.834,0.032,0.134,0,1,0,0,1,0,0.046,0.974,0.232,,14.895666666666665
05_test,C:/Users/20804/Desktop/math/mathclass/data/processed/degraded/test/blur/05_test_blur_k7.png,blur,blur,0.0,0.0,0.714,0.03,0.256,0,1,0,0,1,0,0.004,0.976,0.282,,14.939
05_test,C:/Users/20804/Desktop/math/mathclass/data/processed/degraded/test/low_contrast/05_test_lowcontrast_alpha04.png,low_contrast,low_contrast,0.0,0.0,0.004,0.954,0.042,0,0,1,0,0,1,0.022,0.028,1.0,,14.983333333333334
05_test,C:/Users/20804/Desktop/math/mathclass/data/processed/degraded/test/low_contrast/05_test_lowcontrast_alpha06.png,low_contrast,low_contrast,0.0,0.0,0.002,0.966,0.032,0,0,1,0,0,1,0.056,0.074,0.996,,14.97
05_test,C:/Users/20804/Desktop/math/mathclass/data/processed/degraded/test/low_contrast/05_test_lowcontrast_alpha08.png,low_contrast,low_contrast,0.05,0.002,0.026,0.886,0.036,0,0,1,0,0,1,0.006,0.01,0.9,,14.494047619047619
05_test,C:/Users/20804/Desktop/math/mathclass/data/processed/degraded/test/mixed/05_test_mixed_noise15_blur5.png,mixed,mixed,0.012,0.006,0.078,0.138,0.766,1,1,0,1,1,0,0.762,0.906,0.27,15,14.945666666666666
05_test,C:/Users/20804/Desktop/math/mathclass/data/processed/degraded/test/mixed/05_test_mixed_noise15_contrast06.png,mixed,mixed,0.006,0.02,0.0,0.012,0.962,1,0,1,1,0,1,0.994,0.0,0.916,15,14.813333333333333
05_test,C:/Users/20804/Desktop/math/mathclass/data/processed/degraded/test/mixed/05_test_mixed_blur5_contrast06.png,mixed,mixed,0.0,0.0,0.028,0.076,0.896,0,1,1,0,1,1,0.014,0.91,0.986,,14.99
05_test,C:/Users/20804/Desktop/math/mathclass/data/processed/degraded/test/mixed/05_test_mixed_noise15_blur5_contrast06.png,mixed,mixed,0.0,0.0,0.018,0.206,0.776,1,1,1,1,1,1,0.792,0.746,0.998,15,15.0
06_test,C:/Users/20804/Desktop/math/mathclass/data/processed/degraded/test/normal/06_test_normal.png,normal,low_contrast,0.398,0.014,0.02,0.478,0.09,0,0,0,0,0,0,0.114,0.036,0.486,,13.998380952380952
06_test,C:/Users/20804/Desktop/math/mathclass/data/processed/degraded/test/noise/06_test_noise_sigma5.png,noise,noise,0.006,0.804,0.004,0.066,0.12,1,0,0,1,0,0,0.988,0.004,0.412,5,6.4443809523809525
06_test,C:/Users/20804/Desktop/math/mathclass/data/processed/degraded/test/noise/06_test_noise_sigma15.png,noise,noise,0.0,0.958,0.002,0.01,0.03,1,0,0,1,0,0,0.994,0.004,0.09,15,14.814999999999998
06_test,C:/Users/20804/Desktop/math/mathclass/data/processed/degraded/test/noise/06_test_noise_sigma30.png,noise,noise,0.0,1.0,0.0,0.0,0.0,1,0,0,1,0,0,1.0,0.002,0.022,30,29.925
06_test,C:/Users/20804/Desktop/math/mathclass/data/processed/degraded/test/blur/06_test_blur_k3.png,blur,blur,0.006,0.0,0.472,0.294,0.228,0,1,0,0,1,0,0.202,0.828,0.412,,14.831
06_test,C:/Users/20804/Desktop/math/mathclass/data/processed/degraded/test/blur/06_test_blur_k5.png,blur,blur,0.002,0.0,0.736,0.12,0.142,0,1,0,0,1,0,0.056,0.946,0.32,,14.867666666666668
06_test,C:/Users/20804/Desktop/math/mathclass/data/processed/degraded/test/blur/06_test_blur_k7.png,blur,blur,0.002,0.0,0.536,0.046,0.416,0,1,0,0,1,1,0.028,0.988,0.506,,14.881
06_test,C:/Users/20804/Desktop/math/mathclass/data/processed/degraded/test/low_contrast/06_test_lowcontrast_alpha04.png,low_contrast,low_contrast,0.0,0.0,0.0,0.988,0.012,0,0,1,0,0,1,0.006,0.014,0.998,,14.99
06_test,C:/Users/20804/Desktop/math/mathclass/data/processed/degraded/test/low_contrast/06_test_lowcontrast_alpha06.png,low_contrast,low_contrast,0.0,0.0,0.004,0.968,0.028,0,0,1,0,0,1,0.02,0.048,0.98,,14.867666666666668
06_test,C:/Users/20804/Desktop/math/mathclass/data/processed/degraded/test/low_contrast/06_test_lowcontrast_alpha08.png,low_contrast,low_contrast,0.25,0.008,0.03,0.688,0.024,0,0,1,0,0,1,0.02,0.012,0.834,,14.561
06_test,C:/Users/20804/Desktop/math/mathclass/data/processed/degraded/test/mixed/06_test_mixed_noise15_blur5.png,mixed,mixed,0.012,0.008,0.07,0.134,0.776,1,1,0,1,1,0,0.758,0.87,0.382,15,14.889333333333333
06_test,C:/Users/20804/Desktop/math/mathclass/data/processed/degraded/test/mixed/06_test_mixed_noise15_contrast06.png,mixed,mixed,0.006,0.016,0.0,0.006,0.972,1,0,1,1,0,1,0.998,0.006,0.952,15,14.805
06_test,C:/Users/20804/Desktop/math/mathclass/data/processed/degraded/test/mixed/06_test_mixed_blur5_contrast06.png,mixed,mixed,0.0,0.0,0.016,0.11,0.874,0,1,1,0,1,1,0.016,0.806,0.994,,15.0
06_test,C:/Users/20804/Desktop/math/mathclass/data/processed/degraded/test/mixed/06_test_mixed_noise15_blur5_contrast06.png,mixed,mixed,0.0,0.0,0.018,0.292,0.69,1,1,1,1,1,1,0.746,0.648,0.984,15,15.0
07_test,C:/Users/20804/Desktop/math/mathclass/data/processed/degraded/test/normal/07_test_normal.png,normal,normal,0.78,0.014,0.014,0.178,0.014,0,0,0,0,0,0,0.04,0.01,0.164,,12.419992063492062
07_test,C:/Users/20804/Desktop/math/mathclass/data/processed/degraded/test/noise/07_test_noise_sigma5.png,noise,noise,0.016,0.962,0.0,0.004,0.018,1,0,0,1,0,0,0.976,0.0,0.022,5,6.319436507936508
07_test,C:/Users/20804/Desktop/math/mathclass/data/processed/degraded/test/noise/07_test_noise_sigma15.png,noise,noise,0.0,1.0,0.0,0.0,0.0,1,0,0,1,0,0,1.0,0.0,0.016,15,15.091055555555556
07_test,C:/Users/20804/Desktop/math/mathclass/data/processed/degraded/test/noise/07_test_noise_sigma30.png,noise,noise,0.0,1.0,0.0,0.0,0.0,1,0,0,1,0,0,1.0,0.0,0.022,30,29.975
07_test,C:/Users/20804/Desktop/math/mathclass/data/processed/degraded/test/blur/07_test_blur_k3.png,blur,blur,0.024,0.006,0.77,0.094,0.106,0,1,0,0,1,0,0.058,0.932,0.042,,12.82665873015873
07_test,C:/Users/20804/Desktop/math/mathclass/data/processed/degraded/test/blur/07_test_blur_k5.png,blur,blur,0.008,0.004,0.88,0.052,0.056,0,1,0,0,1,0,0.046,0.968,0.03,,14.095992063492064
07_test,C:/Users/20804/Desktop/math/mathclass/data/processed/degraded/test/blur/07_test_blur_k7.png,blur,blur,0.004,0.002,0.898,0.028,0.068,0,1,0,0,1,0,0.038,0.966,0.04,,14.430992063492063
07_test,C:/Users/20804/Desktop/math/mathclass/data/processed/degraded/test/low_contrast/07_test_lowcontrast_alpha04.png,low_contrast,mixed,0.0,0.002,0.038,0.43,0.53,0,0,1,0,1,1,0.256,0.594,0.974,,15.0
07_test,C:/Users/20804/Desktop/math/mathclass/data/processed/degraded/test/low_contrast/07_test_lowcontrast_alpha06.png,low_contrast,low_contrast,0.0,0.0,0.116,0.622,0.262,0,0,1,0,1,1,0.242,0.604,0.806,,14.948666666666668
07_test,C:/Users/20804/Desktop/math/mathclass/data/processed/degraded/test/low_contrast/07_test_lowcontrast_alpha08.png,low_contrast,low_contrast,0.064,0.0,0.206,0.646,0.084,0,0,1,0,0,1,0.038,0.076,0.666,,12.900603174603175
07_test,C:/Users/20804/Desktop/math/mathclass/data/processed/degraded/test/mixed/07_test_mixed_noise15_blur5.png,mixed,mixed,0.034,0.004,0.14,0.086,0.736,1,1,0,1,1,0,0.672,0.934,0.038,15,14.12165873015873
07_test,C:/Users/20804/Desktop/math/mathclass/data/processed/degraded/test/mixed/07_test_mixed_noise15_contrast06.png,mixed,mixed,0.002,0.166,0.0,0.002,0.83,1,0,1,1,0,1,0.998,0.002,0.874,15,14.744
07_test,C:/Users/20804/Desktop/math/mathclass/data/processed/degraded/test/mixed/07_test_mixed_blur5_contrast06.png,mixed,mixed,0.0,0.0,0.216,0.028,0.756,0,1,1,0,1,1,0.024,0.978,0.852,,14.972
07_test,C:/Users/20804/Desktop/math/mathclass/data/processed/degraded/test/mixed/07_test_mixed_noise15_blur5_contrast06.png,mixed,mixed,0.0,0.0,0.088,0.07,0.842,1,1,1,1,1,1,0.818,0.97,0.89,15,14.972
08_test,C:/Users/20804/Desktop/math/mathclass/data/processed/degraded/test/normal/08_test_normal.png,normal,low_contrast,0.322,0.01,0.074,0.542,0.052,0,0,0,0,0,0,0.072,0.04,0.398,,14.210999999999999
08_test,C:/Users/20804/Desktop/math/mathclass/data/processed/degraded/test/noise/08_test_noise_sigma5.png,noise,noise,0.018,0.848,0.002,0.024,0.108,1,0,0,1,0,0,0.982,0.01,0.21,5,7.575000000000001
08_test,C:/Users/20804/Desktop/math/mathclass/data/processed/degraded/test/noise/08_test_noise_sigma15.png,noise,noise,0.002,0.956,0.002,0.006,0.034,1,0,0,1,0,0,0.996,0.006,0.088,15,14.891666666666667
08_test,C:/Users/20804/Desktop/math/mathclass/data/processed/degraded/test/noise/08_test_noise_sigma30.png,noise,noise,0.0,1.0,0.0,0.0,0.0,1,0,0,1,0,0,0.998,0.0,0.02,30,29.98
08_test,C:/Users/20804/Desktop/math/mathclass/data/processed/degraded/test/blur/08_test_blur_k3.png,blur,blur,0.002,0.002,0.882,0.046,0.068,0,1,0,0,1,0,0.07,0.95,0.156,,14.892333333333331
08_test,C:/Users/20804/Desktop/math/mathclass/data/processed/degraded/test/blur/08_test_blur_k5.png,blur,blur,0.002,0.002,0.9,0.018,0.078,0,1,0,0,1,0,0.062,0.982,0.172,,14.892333333333331
08_test,C:/Users/20804/Desktop/math/mathclass/data/processed/degraded/test/blur/08_test_blur_k7.png,blur,blur,0.002,0.002,0.832,0.014,0.15,0,1,0,0,1,0,0.036,0.982,0.21,,14.882333333333332
08_test,C:/Users/20804/Desktop/math/mathclass/data/processed/degraded/test/low_contrast/08_test_lowcontrast_alpha04.png,low_contrast,low_contrast,0.0,0.0,0.006,0.586,0.408,0,0,1,0,0,1,0.25,0.362,1.0,,15.0
08_test,C:/Users/20804/Desktop/math/mathclass/data/processed/degraded/test/low_contrast/08_test_lowcontrast_alpha06.png,low_contrast,low_contrast,0.006,0.0,0.044,0.738,0.212,0,0,1,0,0,1,0.128,0.37,0.926,,14.976666666666667
08_test,C:/Users/20804/Desktop/math/mathclass/data/processed/degraded/test/low_contrast/08_test_lowcontrast_alpha08.png,low_contrast,low_contrast,0.012,0.004,0.18,0.652,0.152,0,0,1,0,0,1,0.102,0.148,0.602,,14.688333333333334
08_test,C:/Users/20804/Desktop/math/mathclass/data/processed/degraded/test/mixed/08_test_mixed_noise15_blur5.png,mixed,mixed,0.006,0.004,0.168,0.042,0.78,1,1,0,1,1,0,0.7,0.95,0.184,15,14.882333333333332
08_test,C:/Users/20804/Desktop/math/mathclass/data/processed/degraded/test/mixed/08_test_mixed_noise15_contrast06.png,mixed,mixed,0.0,0.002,0.002,0.002,0.994,1,0,1,1,0,1,1.0,0.01,0.982,15,14.906666666666666
08_test,C:/Users/20804/Desktop/math/mathclass/data/processed/degraded/test/mixed/08_test_mixed_blur5_contrast06.png,mixed,mixed,0.0,0.0,0.178,0.064,0.758,0,1,1,0,1,1,0.03,0.926,0.87,,14.99
08_test,C:/Users/20804/Desktop/math/mathclass/data/processed/degraded/test/mixed/08_test_mixed_noise15_blur5_contrast06.png,mixed,mixed,0.0,0.0,0.096,0.094,0.81,1,1,1,1,1,1,0.786,0.906,0.916,15,14.976666666666667
09_test,C:/Users/20804/Desktop/math/mathclass/data/processed/degraded/test/normal/09_test_normal.png,normal,normal,0.604,0.008,0.028,0.304,0.056,0,0,0,0,0,0,0.022,0.05,0.31,,13.470333333333334
09_test,C:/Users/20804/Desktop/math/mathclass/data/processed/degraded/test/noise/09_test_noise_sigma5.png,noise,noise,0.022,0.874,0.002,0.014,0.088,1,0,0,1,0,0,0.99,0.01,0.186,5,6.293333333333333
09_test,C:/Users/20804/Desktop/math/mathclass/data/processed/degraded/test/noise/09_test_noise_sigma15.png,noise,noise,0.0,0.994,0.0,0.0,0.006,1,0,0,1,0,0,0.996,0.0,0.018,15,14.765333333333333
09_test,C:/Users/20804/Desktop/math/mathclass/data/processed/degraded/test/noise/09_test_noise_sigma30.png,noise,noise,0.0,1.0,0.0,0.0,0.0,1,0,0,1,0,0,1.0,0.0,0.0,30,29.91
09_test,C:/Users/20804/Desktop/math/mathclass/data/processed/degraded/test/blur/09_test_blur_k3.png,blur,blur,0.002,0.0,0.73,0.15,0.118,0,1,0,0,1,0,0.046,0.896,0.21,,14.77
09_test,C:/Users/20804/Desktop/math/mathclass/data/processed/degraded/test/blur/09_test_blur_k5.png,blur,blur,0.002,0.0,0.832,0.09,0.076,0,1,0,0,1,0,0.044,0.948,0.202,,14.8
09_test,C:/Users/20804/Desktop/math/mathclass/data/processed/degraded/test/blur/09_test_blur_k7.png,blur,blur,0.002,0.0,0.824,0.03,0.144,0,1,0,0,1,0,0.008,0.996,0.248,,14.808
09_test,C:/Users/20804/Desktop/math/mathclass/data/processed/degraded/test/low_contrast/09_test_lowcontrast_alpha04.png,low_contrast,low_contrast,0.0,0.0,0.018,0.906,0.076,0,0,1,0,0,1,0.004,0.08,0.996,,14.99
09_test,C:/Users/20804/Desktop/math/mathclass/data/processed/degraded/test/low_contrast/09_test_lowcontrast_alpha06.png,low_contrast,low_contrast,0.0,0.0,0.006,0.898,0.096,0,0,1,0,0,1,0.074,0.2,0.994,,14.93
09_test,C:/Users/20804/Desktop/math/mathclass/data/processed/degraded/test/low_contrast/09_test_lowcontrast_alpha08.png,low_contrast,low_contrast,0.21,0.006,0.072,0.684,0.028,0,0,1,0,0,1,0.018,0.02,0.734,,14.06904761904762
09_test,C:/Users/20804/Desktop/math/mathclass/data/processed/degraded/test/mixed/09_test_mixed_noise15_blur5.png,mixed,mixed,0.016,0.004,0.122,0.094,0.764,1,1,0,1,1,0,0.722,0.904,0.292,15,14.823333333333332
09_test,C:/Users/20804/Desktop/math/mathclass/data/processed/degraded/test/mixed/09_test_mixed_noise15_contrast06.png,mixed,mixed,0.008,0.018,0.0,0.008,0.966,1,0,1,1,0,1,0.992,0.002,0.972,15,14.836666666666666
09_test,C:/Users/20804/Desktop/math/mathclass/data/processed/degraded/test/mixed/09_test_mixed_blur5_contrast06.png,mixed,mixed,0.0,0.0,0.008,0.07,0.922,0,1,1,0,1,1,0.014,0.86,0.994,,15.0
09_test,C:/Users/20804/Desktop/math/mathclass/data/processed/degraded/test/mixed/09_test_mixed_noise15_blur5_contrast06.png,mixed,mixed,0.0,0.0,0.008,0.262,0.73,1,1,1,1,1,1,0.75,0.666,0.998,15,15.0
10_test,C:/Users/20804/Desktop/math/mathclass/data/processed/degraded/test/normal/10_test_normal.png,normal,normal,0.676,0.008,0.01,0.29,0.016,0,0,0,0,0,0,0.034,0.01,0.378,,12.222603174603172
10_test,C:/Users/20804/Desktop/math/mathclass/data/processed/degraded/test/noise/10_test_noise_sigma5.png,noise,noise,0.01,0.914,0.0,0.006,0.07,1,0,0,1,0,0,0.992,0.002,0.28,5,5.8387142857142855
10_test,C:/Users/20804/Desktop/math/mathclass/data/processed/degraded/test/noise/10_test_noise_sigma15.png,noise,noise,0.002,0.986,0.0,0.0,0.012,1,0,0,1,0,0,0.998,0.004,0.066,15,14.854000000000001
10_test,C:/Users/20804/Desktop/math/mathclass/data/processed/degraded/test/noise/10_test_noise_sigma30.png,noise,noise,0.0,0.99,0.0,0.0,0.01,1,0,0,1,0,0,1.0,0.0,0.078,30,29.9925
10_test,C:/Users/20804/Desktop/math/mathclass/data/processed/degraded/test/blur/10_test_blur_k3.png,blur,blur,0.014,0.002,0.7,0.17,0.114,0,1,0,0,1,0,0.086,0.914,0.288,,14.155269841269838
10_test,C:/Users/20804/Desktop/math/mathclass/data/processed/degraded/test/blur/10_test_blur_k5.png,blur,blur,0.006,0.0,0.886,0.05,0.058,0,1,0,0,1,0,0.044,0.978,0.3,,14.448269841269841
10_test,C:/Users/20804/Desktop/math/mathclass/data/processed/degraded/test/blur/10_test_blur_k7.png,blur,blur,0.006,0.0,0.844,0.048,0.102,0,1,0,0,1,0,0.004,0.972,0.31,,14.518269841269841
10_test,C:/Users/20804/Desktop/math/mathclass/data/processed/degraded/test/low_contrast/10_test_lowcontrast_alpha04.png,low_contrast,low_contrast,0.0,0.0,0.008,0.858,0.134,0,0,1,0,0,1,0.088,0.098,0.944,,14.868666666666666
10_test,C:/Users/20804/Desktop/math/mathclass/data/processed/degraded/test/low_contrast/10_test_lowcontrast_alpha06.png,low_contrast,low_contrast,0.01,0.0,0.034,0.854,0.102,0,0,1,0,0,1,0.122,0.226,0.9,,14.95
10_test,C:/Users/20804/Desktop/math/mathclass/data/processed/degraded/test/low_contrast/10_test_lowcontrast_alpha08.png,low_contrast,low_contrast,0.032,0.002,0.05,0.856,0.06,0,0,1,0,0,1,0.018,0.028,0.848,,14.125047619047619
10_test,C:/Users/20804/Desktop/math/mathclass/data/processed/degraded/test/mixed/10_test_mixed_noise15_blur5.png,mixed,mixed,0.014,0.0,0.118,0.086,0.782,1,1,0,1,1,0,0.706,0.902,0.348,15,14.741047619047619
10_test,C:/Users/20804/Desktop/math/mathclass/data/processed/degraded/test/mixed/10_test_mixed_noise15_contrast06.png,mixed,mixed,0.006,0.032,0.0,0.02,0.942,1,0,1,1,0,1,0.99,0.0,0.854,15,14.735333333333333
10_test,C:/Users/20804/Desktop/math/mathclass/data/processed/degraded/test/mixed/10_test_mixed_blur5_contrast06.png,mixed,mixed,0.0,0.0,0.202,0.046,0.752,0,1,1,0,1,1,0.012,0.936,0.84,,14.97
10_test,C:/Users/20804/Desktop/math/mathclass/data/processed/degraded/test/mixed/10_test_mixed_noise15_blur5_contrast06.png,mixed,mixed,0.002,0.0,0.104,0.072,0.822,1,1,1,1,1,1,0.86,0.872,0.876,15,14.97
11_test,C:/Users/20804/Desktop/math/mathclass/data/processed/degraded/test/normal/11_test_normal.png,normal,normal,0.85,0.078,0.002,0.058,0.012,0,0,0,0,0,0,0.134,0.012,0.028,,11.903222222222219
11_test,C:/Users/20804/Desktop/math/mathclass/data/processed/degraded/test/noise/11_test_noise_sigma5.png,noise,noise,0.006,0.994,0.0,0.0,0.0,1,0,0,1,0,0,0.988,0.004,0.024,5,5.791
11_test,C:/Users/20804/Desktop/math/mathclass/data/processed/degraded/test/noise/11_test_noise_sigma15.png,noise,noise,0.0,1.0,0.0,0.0,0.0,1,0,0,1,0,0,1.0,0.0,0.02,15,14.931888888888889
11_test,C:/Users/20804/Desktop/math/mathclass/data/processed/degraded/test/noise/11_test_noise_sigma30.png,noise,noise,0.0,1.0,0.0,0.0,0.0,1,0,0,1,0,0,1.0,0.0,0.022,30,29.975
11_test,C:/Users/20804/Desktop/math/mathclass/data/processed/degraded/test/blur/11_test_blur_k3.png,blur,blur,0.012,0.002,0.768,0.044,0.174,0,1,0,0,1,0,0.076,0.922,0.096,,13.318666666666664
11_test,C:/Users/20804/Desktop/math/mathclass/data/processed/degraded/test/blur/11_test_blur_k5.png,blur,blur,0.002,0.002,0.98,0.008,0.008,0,1,0,0,1,0,0.02,0.984,0.028,,14.654999999999998
11_test,C:/Users/20804/Desktop/math/mathclass/data/processed/degraded/test/blur/11_test_blur_k7.png,blur,blur,0.002,0.0,0.97,0.006,0.022,0,1,0,0,1,0,0.014,0.992,0.028,,14.738333333333332
11_test,C:/Users/20804/Desktop/math/mathclass/data/processed/degraded/test/low_contrast/11_test_lowcontrast_alpha04.png,low_contrast,low_contrast,0.0,0.0,0.01,0.782,0.208,0,0,1,0,0,1,0.074,0.304,0.998,,14.985
11_test,C:/Users/20804/Desktop/math/mathclass/data/processed/degraded/test/low_contrast/11_test_lowcontrast_alpha06.png,low_contrast,low_contrast,0.0,0.002,0.056,0.786,0.156,0,0,1,0,0,1,0.086,0.198,0.868,,14.678
11_test,C:/Users/20804/Desktop/math/mathclass/data/processed/degraded/test/low_contrast/11_test_lowcontrast_alpha08.png,low_contrast,low_contrast,0.398,0.004,0.082,0.496,0.02,0,0,1,0,0,0,0.006,0.018,0.222,,12.821666666666665
11_test,C:/Users/20804/Desktop/math/mathclass/data/processed/degraded/test/mixed/11_test_mixed_noise15_blur5.png,mixed,mixed,0.006,0.002,0.144,0.012,0.836,1,1,0,1,1,0,0.824,0.986,0.028,15,14.677666666666665
11_test,C:/Users/20804/Desktop/math/mathclass/data/processed/degraded/test/mixed/11_test_mixed_noise15_contrast06.png,mixed,mixed,0.002,0.206,0.0,0.002,0.79,1,0,1,1,0,1,0.996,0.0,0.88,15,14.835333333333335
11_test,C:/Users/20804/Desktop/math/mathclass/data/processed/degraded/test/mixed/11_test_mixed_blur5_contrast06.png,mixed,mixed,0.0,0.0,0.188,0.026,0.786,0,1,1,0,1,1,0.01,0.992,0.85,,14.992
11_test,C:/Users/20804/Desktop/math/mathclass/data/processed/degraded/test/mixed/11_test_mixed_noise15_blur5_contrast06.png,mixed,mixed,0.0,0.0,0.094,0.048,0.858,1,1,1,1,1,1,0.776,0.978,0.902,15,14.992
12_test,C:/Users/20804/Desktop/math/mathclass/data/processed/degraded/test/normal/12_test_normal.png,normal,normal,0.708,0.022,0.002,0.242,0.026,0,0,0,0,0,0,0.082,0.008,0.344,,12.16604761904762
12_test,C:/Users/20804/Desktop/math/mathclass/data/processed/degraded/test/noise/12_test_noise_sigma5.png,noise,noise,0.004,0.934,0.0,0.004,0.058,1,0,0,1,0,0,1.0,0.0,0.344,5,5.699047619047619
12_test,C:/Users/20804/Desktop/math/mathclass/data/processed/degraded/test/noise/12_test_noise_sigma15.png,noise,noise,0.0,1.0,0.0,0.0,0.0,1,0,0,1,0,0,0.998,0.0,0.028,15,14.803666666666667
12_test,C:/Users/20804/Desktop/math/mathclass/data/processed/degraded/test/noise/12_test_noise_sigma30.png,noise,noise,0.0,1.0,0.0,0.0,0.0,1,0,0,1,0,0,1.0,0.0,0.014,30,29.925
12_test,C:/Users/20804/Desktop/math/mathclass/data/processed/degraded/test/blur/12_test_blur_k3.png,blur,blur,0.002,0.0,0.534,0.258,0.206,0,1,0,0,1,0,0.134,0.94,0.358,,14.813666666666668
12_test,C:/Users/20804/Desktop/math/mathclass/data/processed/degraded/test/blur/12_test_blur_k5.png,blur,blur,0.0,0.0,0.824,0.076,0.1,0,1,0,0,1,0,0.06,0.986,0.266,,14.935333333333334
12_test,C:/Users/20804/Desktop/math/mathclass/data/processed/degraded/test/blur/12_test_blur_k7.png,blur,blur,0.0,0.0,0.816,0.036,0.148,0,1,0,0,1,0,0.016,0.994,0.302,,14.950333333333335
12_test,C:/Users/20804/Desktop/math/mathclass/data/processed/degraded/test/low_contrast/12_test_lowcontrast_alpha04.png,low_contrast,low_contrast,0.0,0.0,0.0,0.974,0.026,0,0,1,0,0,1,0.006,0.008,1.0,,14.99
12_test,C:/Users/20804/Desktop/math/mathclass/data/processed/degraded/test/low_contrast/12_test_lowcontrast_alpha06.png,low_contrast,low_contrast,0.0,0.0,0.008,0.94,0.052,0,0,1,0,0,1,0.066,0.11,0.992,,14.896666666666668
12_test,C:/Users/20804/Desktop/math/mathclass/data/processed/degraded/test/low_contrast/12_test_lowcontrast_alpha08.png,low_contrast,low_contrast,0.31,0.012,0.02,0.636,0.022,0,0,1,0,0,1,0.016,0.008,0.778,,14.192761904761905
12_test,C:/Users/20804/Desktop/math/mathclass/data/processed/degraded/test/mixed/12_test_mixed_noise15_blur5.png,mixed,mixed,0.01,0.004,0.07,0.1,0.816,1,1,0,1,1,0,0.854,0.894,0.344,15,14.926333333333334
12_test,C:/Users/20804/Desktop/math/mathclass/data/processed/degraded/test/mixed/12_test_mixed_noise15_contrast06.png,mixed,mixed,0.0,0.016,0.0,0.006,0.978,1,0,1,1,0,1,1.0,0.002,0.956,15,14.817380952380953
12_test,C:/Users/20804/Desktop/math/mathclass/data/processed/degraded/test/mixed/12_test_mixed_blur5_contrast06.png,mixed,mixed,0.0,0.0,0.008,0.066,0.926,0,1,1,0,1,1,0.012,0.846,0.988,,15.0
12_test,C:/Users/20804/Desktop/math/mathclass/data/processed/degraded/test/mixed/12_test_mixed_noise15_blur5_contrast06.png,mixed,mixed,0.0,0.0,0.002,0.248,0.75,1,1,1,1,1,1,0.8,0.682,1.0,15,15.0
13_test,C:/Users/20804/Desktop/math/mathclass/data/processed/degraded/test/normal/13_test_normal.png,normal,normal,0.918,0.006,0.004,0.066,0.006,0,0,0,0,0,0,0.02,0.0,0.056,,11.965555555555554
13_test,C:/Users/20804/Desktop/math/mathclass/data/processed/degraded/test/noise/13_test_noise_sigma5.png,noise,noise,0.004,0.992,0.0,0.002,0.002,1,0,0,1,0,0,0.982,0.0,0.004,5,5.213333333333334
13_test,C:/Users/20804/Desktop/math/mathclass/data/processed/degraded/test/noise/13_test_noise_sigma15.png,noise,noise,0.0,1.0,0.0,0.0,0.0,1,0,0,1,0,0,1.0,0.0,0.008,15,14.945333333333334
13_test,C:/Users/20804/Desktop/math/mathclass/data/processed/degraded/test/noise/13_test_noise_sigma30.png,noise,noise,0.0,0.996,0.0,0.0,0.004,1,0,0,1,0,0,1.0,0.0,0.008,30,30.0
13_test,C:/Users/20804/Desktop/math/mathclass/data/processed/degraded/test/blur/13_test_blur_k3.png,blur,blur,0.0,0.0,0.81,0.048,0.142,0,1,0,0,1,0,0.096,0.952,0.028,,14.696666666666665
13_test,C:/Users/20804/Desktop/math/mathclass/data/processed/degraded/test/blur/13_test_blur_k5.png,blur,blur,0.0,0.0,0.992,0.004,0.004,0,1,0,0,1,0,0.01,0.996,0.024,,14.916666666666668
13_test,C:/Users/20804/Desktop/math/mathclass/data/processed/degraded/test/blur/13_test_blur_k7.png,blur,blur,0.0,0.0,0.986,0.0,0.014,0,1,0,0,1,0,0.026,1.0,0.036,,14.941666666666666
13_test,C:/Users/20804/Desktop/math/mathclass/data/processed/degraded/test/low_contrast/13_test_lowcontrast_alpha04.png,low_contrast,low_contrast,0.0,0.0,0.0,0.96,0.04,0,0,1,0,0,1,0.02,0.05,1.0,,14.99
13_test,C:/Users/20804/Desktop/math/mathclass/data/processed/degraded/test/low_contrast/13_test_lowcontrast_alpha06.png,low_contrast,low_contrast,0.016,0.002,0.018,0.898,0.066,0,0,1,0,0,1,0.08,0.198,0.972,,14.89
13_test,C:/Users/20804/Desktop/math/mathclass/data/processed/degraded/test/low_contrast/13_test_lowcontrast_alpha08.png,low_contrast,low_contrast,0.11,0.004,0.044,0.83,0.012,0,0,1,0,0,1,0.012,0.012,0.734,,14.079666666666668
13_test,C:/Users/20804/Desktop/math/mathclass/data/processed/degraded/test/mixed/13_test_mixed_noise15_blur5.png,mixed,mixed,0.006,0.0,0.104,0.006,0.884,1,1,0,1,1,0,0.71,0.976,0.024,15,14.818333333333333
13_test,C:/Users/20804/Desktop/math/mathclass/data/processed/degraded/test/mixed/13_test_mixed_noise15_contrast06.png,mixed,mixed,0.0,0.004,0.0,0.0,0.996,1,0,1,1,0,1,1.0,0.0,0.982,15,14.961666666666666
13_test,C:/Users/20804/Desktop/math/mathclass/data/processed/degraded/test/mixed/13_test_mixed_blur5_contrast06.png,mixed,mixed,0.0,0.002,0.094,0.008,0.896,0,1,1,0,1,1,0.012,0.994,0.938,,15.0
13_test,C:/Users/20804/Desktop/math/mathclass/data/processed/degraded/test/mixed/13_test_mixed_noise15_blur5_contrast06.png,mixed,mixed,0.002,0.002,0.014,0.018,0.964,1,1,1,1,1,1,0.914,0.988,0.968,15,15.0
14_test,C:/Users/20804/Desktop/math/mathclass/data/processed/degraded/test/normal/14_test_normal.png,normal,low_contrast,0.372,0.008,0.022,0.534,0.064,0,0,0,0,0,1,0.106,0.02,0.56,,13.967333333333334
14_test,C:/Users/20804/Desktop/math/mathclass/data/processed/degraded/test/noise/14_test_noise_sigma5.png,noise,noise,0.01,0.816,0.002,0.036,0.136,1,0,0,1,0,0,1.0,0.002,0.434,5,7.039666666666667
14_test,C:/Users/20804/Desktop/math/mathclass/data/processed/degraded/test/noise/14_test_noise_sigma15.png,noise,noise,0.002,0.946,0.002,0.006,0.044,1,0,0,1,0,0,1.0,0.0,0.05,15,14.830333333333334
14_test,C:/Users/20804/Desktop/math/mathclass/data/processed/degraded/test/noise/14_test_noise_sigma30.png,noise,noise,0.0,0.97,0.0,0.006,0.024,1,0,0,1,0,0,0.998,0.006,0.04,30,29.86
14_test,C:/Users/20804/Desktop/math/mathclass/data/processed/degraded/test/blur/14_test_blur_k3.png,blur,blur,0.004,0.0,0.572,0.174,0.25,0,1,0,0,1,0,0.234,0.932,0.398,,14.965
14_test,C:/Users/20804/Desktop/math/mathclass/data/processed/degraded/test/blur/14_test_blur_k5.png,blur,blur,0.0,0.0,0.72,0.062,0.218,0,1,0,0,1,0,0.13,0.966,0.384,,14.957
14_test,C:/Users/20804/Desktop/math/mathclass/data/processed/degraded/test/blur/14_test_blur_k7.png,blur,blur,0.0,0.0,0.694,0.062,0.244,0,1,0,0,1,0,0.038,0.972,0.392,,14.957
14_test,C:/Users/20804/Desktop/math/mathclass/data/processed/degraded/test/low_contrast/14_test_lowcontrast_alpha04.png,low_contrast,low_contrast,0.0,0.0,0.0,0.76,0.24,0,0,1,0,0,1,0.158,0.15,1.0,,15.0
14_test,C:/Users/20804/Desktop/math/mathclass/data/processed/degraded/test/low_contrast/14_test_lowcontrast_alpha06.png,low_contrast,low_contrast,0.0,0.0,0.01,0.83,0.16,0,0,1,0,0,1,0.282,0.272,0.992,,14.98
14_test,C:/Users/20804/Desktop/math/mathclass/data/processed/degraded/test/low_contrast/14_test_lowcontrast_alpha08.png,low_contrast,low_contrast,0.016,0.0,0.018,0.884,0.082,0,0,1,0,0,1,0.052,0.044,0.932,,14.578666666666669
14_test,C:/Users/20804/Desktop/math/mathclass/data/processed/degraded/test/mixed/14_test_mixed_noise15_blur5.png,mixed,mixed,0.006,0.002,0.108,0.094,0.79,1,1,0,1,1,0,0.834,0.9,0.396,15,14.965
14_test,C:/Users/20804/Desktop/math/mathclass/data/processed/degraded/test/mixed/14_test_mixed_noise15_contrast06.png,mixed,mixed,0.0,0.012,0.0,0.002,0.986,1,0,1,1,0,1,1.0,0.002,0.974,15,14.814380952380953
14_test,C:/Users/20804/Desktop/math/mathclass/data/processed/degraded/test/mixed/14_test_mixed_blur5_contrast06.png,mixed,mixed,0.0,0.0,0.05,0.084,0.866,0,1,1,0,1,1,0.018,0.84,0.98,,15.0
14_test,C:/Users/20804/Desktop/math/mathclass/data/processed/degraded/test/mixed/14_test_mixed_noise15_blur5_contrast06.png,mixed,mixed,0.0,0.0,0.02,0.098,0.882,1,1,1,1,1,1,0.854,0.84,0.996,15,15.0
15_test,C:/Users/20804/Desktop/math/mathclass/data/processed/degraded/test/normal/15_test_normal.png,normal,normal,0.618,0.028,0.018,0.286,0.05,0,0,0,0,0,0,0.116,0.02,0.234,,12.587396825396826
15_test,C:/Users/20804/Desktop/math/mathclass/data/processed/degraded/test/noise/15_test_noise_sigma5.png,noise,noise,0.01,0.908,0.0,0.01,0.072,1,0,0,1,0,0,0.978,0.006,0.1,5,6.825174603174602
15_test,C:/Users/20804/Desktop/math/mathclass/data/processed/degraded/test/noise/15_test_noise_sigma15.png,noise,noise,0.0,0.998,0.0,0.0,0.002,1,0,0,1,0,0,1.0,0.002,0.054,15,15.103912698412701
15_test,C:/Users/20804/Desktop/math/mathclass/data/processed/degraded/test/noise/15_test_noise_sigma30.png,noise,noise,0.0,0.998,0.0,0.002,0.0,1,0,0,1,0,0,0.996,0.002,0.092,30,29.855
15_test,C:/Users/20804/Desktop/math/mathclass/data/processed/degraded/test/blur/15_test_blur_k3.png,blur,blur,0.014,0.006,0.726,0.076,0.178,0,1,0,0,1,0,0.148,0.91,0.114,,14.083730158730155
15_test,C:/Users/20804/Desktop/math/mathclass/data/processed/degraded/test/blur/15_test_blur_k5.png,blur,blur,0.004,0.006,0.868,0.036,0.086,0,1,0,0,1,0,0.086,0.94,0.096,,14.401730158730158
15_test,C:/Users/20804/Desktop/math/mathclass/data/processed/degraded/test/blur/15_test_blur_k7.png,blur,blur,0.004,0.006,0.83,0.032,0.128,0,1,0,0,1,0,0.08,0.936,0.14,,14.411730158730158
15_test,C:/Users/20804/Desktop/math/mathclass/data/processed/degraded/test/low_contrast/15_test_lowcontrast_alpha04.png,low_contrast,low_contrast,0.008,0.0,0.246,0.426,0.32,0,0,1,0,1,1,0.254,0.614,0.512,,14.804666666666664
15_test,C:/Users/20804/Desktop/math/mathclass/data/processed/degraded/test/low_contrast/15_test_lowcontrast_alpha06.png,low_contrast,low_contrast,0.044,0.002,0.184,0.466,0.304,0,0,1,0,1,1,0.234,0.574,0.52,,14.377126984126987
15_test,C:/Users/20804/Desktop/math/mathclass/data/processed/degraded/test/low_contrast/15_test_lowcontrast_alpha08.png,low_contrast,low_contrast,0.088,0.0,0.15,0.596,0.166,0,0,1,0,0,1,0.08,0.054,0.572,,13.52379365079365
15_test,C:/Users/20804/Desktop/math/mathclass/data/processed/degraded/test/mixed/15_test_mixed_noise15_blur5.png,mixed,mixed,0.006,0.01,0.136,0.068,0.78,1,1,0,1,1,0,0.708,0.868,0.124,15,14.38673015873016
15_test,C:/Users/20804/Desktop/math/mathclass/data/processed/degraded/test/mixed/15_test_mixed_noise15_contrast06.png,mixed,mixed,0.002,0.26,0.0,0.0,0.738,1,0,1,1,0,1,0.994,0.004,0.648,15,14.341857142857146
15_test,C:/Users/20804/Desktop/math/mathclass/data/processed/degraded/test/mixed/15_test_mixed_blur5_contrast06.png,mixed,blur,0.002,0.0,0.6,0.056,0.342,0,1,1,0,1,0,0.032,0.914,0.41,,14.335126984126985
15_test,C:/Users/20804/Desktop/math/mathclass/data/processed/degraded/test/mixed/15_test_mixed_noise15_blur5_contrast06.png,mixed,mixed,0.008,0.004,0.364,0.16,0.464,1,1,1,1,1,0,0.57,0.866,0.494,15,14.335126984126985
16_test,C:/Users/20804/Desktop/math/mathclass/data/processed/degraded/test/normal/16_test_normal.png,normal,normal,0.786,0.01,0.004,0.188,0.012,0,0,0,0,0,0,0.074,0.0,0.348,,12.117555555555557
16_test,C:/Users/20804/Desktop/math/mathclass/data/processed/degraded/test/noise/16_test_noise_sigma5.png,noise,noise,0.004,0.938,0.0,0.008,0.05,1,0,0,1,0,0,0.998,0.0,0.242,5,5.68
16_test,C:/Users/20804/Desktop/math/mathclass/data/processed/degraded/test/noise/16_test_noise_sigma15.png,noise,noise,0.0,1.0,0.0,0.0,0.0,1,0,0,1,0,0,1.0,0.0,0.008,15,14.708666666666664
16_test,C:/Users/20804/Desktop/math/mathclass/data/processed/degraded/test/noise/16_test_noise_sigma30.png,noise,noise,0.0,1.0,0.0,0.0,0.0,1,0,0,1,0,0,1.0,0.0,0.004,30,29.925
16_test,C:/Users/20804/Desktop/math/mathclass/data/processed/degraded/test/blur/16_test_blur_k3.png,blur,blur,0.008,0.0,0.584,0.284,0.124,0,1,0,0,1,0,0.09,0.866,0.444,,14.297
16_test,C:/Users/20804/Desktop/math/mathclass/data/processed/degraded/test/blur/16_test_blur_k5.png,blur,blur,0.002,0.0,0.86,0.098,0.04,0,1,0,0,1,0,0.02,0.978,0.254,,14.837
16_test,C:/Users/20804/Desktop/math/mathclass/data/processed/degraded/test/blur/16_test_blur_k7.png,blur,blur,0.002,0.0,0.904,0.036,0.058,0,1,0,0,1,0,0.064,0.992,0.252,,14.918666666666669
16_test,C:/Users/20804/Desktop/math/mathclass/data/processed/degraded/test/low_contrast/16_test_lowcontrast_alpha04.png,low_contrast,low_contrast,0.0,0.0,0.004,0.98,0.016,0,0,1,0,0,1,0.004,0.012,1.0,,14.99
16_test,C:/Users/20804/Desktop/math/mathclass/data/processed/degraded/test/low_contrast/16_test_lowcontrast_alpha06.png,low_contrast,low_contrast,0.006,0.0,0.004,0.95,0.04,0,0,1,0,0,1,0.048,0.126,0.992,,14.89
16_test,C:/Users/20804/Desktop/math/mathclass/data/processed/degraded/test/low_contrast/16_test_lowcontrast_alpha08.png,low_contrast,low_contrast,0.178,0.01,0.024,0.764,0.024,0,0,1,0,0,1,0.004,0.0,0.768,,13.542666666666666
16_test,C:/Users/20804/Desktop/math/mathclass/data/processed/degraded/test/mixed/16_test_mixed_noise15_blur5.png,mixed,mixed,0.004,0.006,0.102,0.102,0.786,1,1,0,1,1,0,0.844,0.89,0.382,15,14.770333333333333
16_test,C:/Users/20804/Desktop/math/mathclass/data/processed/degraded/test/mixed/16_test_mixed_noise15_contrast06.png,mixed,mixed,0.002,0.024,0.002,0.01,0.962,1,0,1,1,0,1,0.998,0.0,0.98,15,14.819047619047618
16_test,C:/Users/20804/Desktop/math/mathclass/data/processed/degraded/test/mixed/16_test_mixed_blur5_contrast06.png,mixed,mixed,0.0,0.0,0.01,0.082,0.908,0,1,1,0,1,1,0.006,0.826,0.996,,15.0
16_test,C:/Users/20804/Desktop/math/mathclass/data/processed/degraded/test/mixed/16_test_mixed_noise15_blur5_contrast06.png,mixed,mixed,0.0,0.0,0.008,0.252,0.74,1,1,1,1,1,1,0.82,0.686,1.0,15,15.0
17_test,C:/Users/20804/Desktop/math/mathclass/data/processed/degraded/test/normal/17_test_normal.png,normal,normal,0.492,0.008,0.056,0.37,0.074,0,0,0,0,0,0,0.058,0.138,0.278,,13.074999999999998
17_test,C:/Users/20804/Desktop/math/mathclass/data/processed/degraded/test/noise/17_test_noise_sigma5.png,noise,noise,0.012,0.79,0.008,0.024,0.166,1,0,0,1,0,0,0.988,0.03,0.186,5,6.738666666666666
17_test,C:/Users/20804/Desktop/math/mathclass/data/processed/degraded/test/noise/17_test_noise_sigma15.png,noise,noise,0.004,0.964,0.002,0.002,0.028,1,0,0,1,0,0,0.996,0.018,0.024,15,14.329999999999998
17_test,C:/Users/20804/Desktop/math/mathclass/data/processed/degraded/test/noise/17_test_noise_sigma30.png,noise,noise,0.002,0.992,0.002,0.0,0.004,1,0,0,1,0,0,0.996,0.012,0.008,30,29.89
17_test,C:/Users/20804/Desktop/math/mathclass/data/processed/degraded/test/blur/17_test_blur_k3.png,blur,blur,0.006,0.0,0.586,0.186,0.222,0,1,0,0,1,0,0.226,0.9,0.172,,14.655
17_test,C:/Users/20804/Desktop/math/mathclass/data/processed/degraded/test/blur/17_test_blur_k5.png,blur,blur,0.004,0.0,0.774,0.092,0.13,0,1,0,0,1,0,0.084,0.928,0.15,,14.665
17_test,C:/Users/20804/Desktop/math/mathclass/data/processed/degraded/test/blur/17_test_blur_k7.png,blur,blur,0.006,0.0,0.708,0.042,0.244,0,1,0,0,1,0,0.04,0.96,0.19,,14.665
17_test,C:/Users/20804/Desktop/math/mathclass/data/processed/degraded/test/low_contrast/17_test_lowcontrast_alpha04.png,low_contrast,low_contrast,0.0,0.0,0.0,0.872,0.128,0,0,1,0,0,1,0.104,0.116,1.0,,15.0
17_test,C:/Users/20804/Desktop/math/mathclass/data/processed/degraded/test/low_contrast/17_test_lowcontrast_alpha06.png,low_contrast,low_contrast,0.002,0.0,0.008,0.746,0.244,0,0,1,0,0,1,0.208,0.266,0.976,,14.98
17_test,C:/Users/20804/Desktop/math/mathclass/data/processed/degraded/test/low_contrast/17_test_lowcontrast_alpha08.png,low_contrast,low_contrast,0.116,0.002,0.11,0.668,0.104,0,0,1,0,0,1,0.068,0.11,0.606,,14.798333333333332
17_test,C:/Users/20804/Desktop/math/mathclass/data/processed/degraded/test/mixed/17_test_mixed_noise15_blur5.png,mixed,mixed,0.02,0.0,0.13,0.086,0.764,1,1,0,1,1,0,0.732,0.824,0.174,15,14.655
17_test,C:/Users/20804/Desktop/math/mathclass/data/processed/degraded/test/mixed/17_test_mixed_noise15_contrast06.png,mixed,mixed,0.012,0.008,0.0,0.012,0.968,1,0,1,1,0,1,0.992,0.006,0.982,15,14.803333333333335
17_test,C:/Users/20804/Desktop/math/mathclass/data/processed/degraded/test/mixed/17_test_mixed_blur5_contrast06.png,mixed,mixed,0.0,0.0,0.036,0.108,0.856,0,1,1,0,1,1,0.046,0.868,0.974,,15.0
17_test,C:/Users/20804/Desktop/math/mathclass/data/processed/degraded/test/mixed/17_test_mixed_noise15_blur5_contrast06.png,mixed,mixed,0.0,0.0,0.032,0.196,0.772,1,1,1,1,1,1,0.802,0.72,0.97,15,14.99
18_test,C:/Users/20804/Desktop/math/mathclass/data/processed/degraded/test/normal/18_test_normal.png,normal,normal,0.812,0.012,0.012,0.142,0.022,0,0,0,0,0,0,0.08,0.008,0.082,,12.240555555555556
18_test,C:/Users/20804/Desktop/math/mathclass/data/processed/degraded/test/noise/18_test_noise_sigma5.png,noise,noise,0.002,0.974,0.0,0.004,0.02,1,0,0,1,0,0,0.992,0.006,0.016,5,5.306666666666667
18_test,C:/Users/20804/Desktop/math/mathclass/data/processed/degraded/test/noise/18_test_noise_sigma15.png,noise,noise,0.0,1.0,0.0,0.0,0.0,1,0,0,1,0,0,1.0,0.0,0.0,15,14.821999999999997
18_test,C:/Users/20804/Desktop/math/mathclass/data/processed/degraded/test/noise/18_test_noise_sigma30.png,noise,noise,0.0,1.0,0.0,0.0,0.0,1,0,0,1,0,0,1.0,0.0,0.0,30,29.96
18_test,C:/Users/20804/Desktop/math/mathclass/data/processed/degraded/test/blur/18_test_blur_k3.png,blur,blur,0.0,0.0,0.738,0.102,0.16,0,1,0,0,1,0,0.134,0.936,0.09,,14.677333333333333
18_test,C:/Users/20804/Desktop/math/mathclass/data/processed/degraded/test/blur/18_test_blur_k5.png,blur,blur,0.0,0.0,0.964,0.024,0.012,0,1,0,0,1,0,0.018,0.98,0.072,,14.800666666666666
18_test,C:/Users/20804/Desktop/math/mathclass/data/processed/degraded/test/blur/18_test_blur_k7.png,blur,blur,0.0,0.0,0.96,0.006,0.034,0,1,0,0,1,0,0.018,0.996,0.116,,14.867333333333335
18_test,C:/Users/20804/Desktop/math/mathclass/data/processed/degraded/test/low_contrast/18_test_lowcontrast_alpha04.png,low_contrast,low_contrast,0.0,0.0,0.0,0.952,0.048,0,0,1,0,0,1,0.02,0.026,1.0,,14.99
18_test,C:/Users/20804/Desktop/math/mathclass/data/processed/degraded/test/low_contrast/18_test_lowcontrast_alpha06.png,low_contrast,low_contrast,0.004,0.0,0.012,0.928,0.056,0,0,1,0,0,1,0.072,0.124,0.994,,14.89
18_test,C:/Users/20804/Desktop/math/mathclass/data/processed/degraded/test/low_contrast/18_test_lowcontrast_alpha08.png,low_contrast,low_contrast,0.18,0.004,0.05,0.752,0.014,0,0,1,0,0,1,0.01,0.014,0.726,,14.533666666666669
18_test,C:/Users/20804/Desktop/math/mathclass/data/processed/degraded/test/mixed/18_test_mixed_noise15_blur5.png,mixed,mixed,0.01,0.002,0.13,0.034,0.824,1,1,0,1,1,0,0.74,0.94,0.136,15,14.779000000000002
18_test,C:/Users/20804/Desktop/math/mathclass/data/processed/degraded/test/mixed/18_test_mixed_noise15_contrast06.png,mixed,mixed,0.002,0.016,0.002,0.002,0.978,1,0,1,1,0,1,0.996,0.002,0.99,15,14.82
18_test,C:/Users/20804/Desktop/math/mathclass/data/processed/degraded/test/mixed/18_test_mixed_blur5_contrast06.png,mixed,mixed,0.0,0.0,0.026,0.03,0.944,0,1,1,0,1,1,0.016,0.934,0.99,,15.0
18_test,C:/Users/20804/Desktop/math/mathclass/data/processed/degraded/test/mixed/18_test_mixed_noise15_blur5_contrast06.png,mixed,mixed,0.0,0.0,0.012,0.146,0.842,1,1,1,1,1,1,0.826,0.832,1.0,15,14.995
19_test,C:/Users/20804/Desktop/math/mathclass/data/processed/degraded/test/normal/19_test_normal.png,normal,low_contrast,0.29,0.018,0.004,0.59,0.098,0,0,0,0,0,1,0.158,0.014,0.832,,13.531333333333334
19_test,C:/Users/20804/Desktop/math/mathclass/data/processed/degraded/test/noise/19_test_noise_sigma5.png,noise,noise,0.002,0.63,0.0,0.062,0.306,1,0,0,1,0,1,0.996,0.0,0.676,5,7.376666666666666
19_test,C:/Users/20804/Desktop/math/mathclass/data/processed/degraded/test/noise/19_test_noise_sigma15.png,noise,noise,0.0,0.986,0.0,0.0,0.014,1,0,0,1,0,0,0.998,0.0,0.094,15,14.796666666666669
19_test,C:/Users/20804/Desktop/math/mathclass/data/processed/degraded/test/noise/19_test_noise_sigma30.png,noise,noise,0.0,1.0,0.0,0.0,0.0,1,0,0,1,0,0,1.0,0.0,0.038,30,29.925
19_test,C:/Users/20804/Desktop/math/mathclass/data/processed/degraded/test/blur/19_test_blur_k3.png,blur,low_contrast,0.004,0.0,0.164,0.576,0.256,0,1,0,0,1,1,0.218,0.728,0.798,,14.584333333333333
19_test,C:/Users/20804/Desktop/math/mathclass/data/processed/degraded/test/blur/19_test_blur_k5.png,blur,mixed,0.004,0.0,0.42,0.148,0.428,0,1,0,0,1,1,0.156,0.912,0.772,,14.973
19_test,C:/Users/20804/Desktop/math/mathclass/data/processed/degraded/test/blur/19_test_blur_k7.png,blur,mixed,0.0,0.0,0.28,0.068,0.652,0,1,0,0,1,1,0.01,0.956,0.836,,14.992
19_test,C:/Users/20804/Desktop/math/mathclass/data/processed/degraded/test/low_contrast/19_test_lowcontrast_alpha04.png,low_contrast,low_contrast,0.0,0.0,0.0,0.952,0.048,0,0,1,0,0,1,0.02,0.03,0.986,,14.81033333333333
19_test,C:/Users/20804/Desktop/math/mathclass/data/processed/degraded/test/low_contrast/19_test_lowcontrast_alpha06.png,low_contrast,low_contrast,0.008,0.0,0.004,0.934,0.054,0,0,1,0,0,1,0.048,0.05,0.942,,14.780333333333331
19_test,C:/Users/20804/Desktop/math/mathclass/data/processed/degraded/test/low_contrast/19_test_lowcontrast_alpha08.png,low_contrast,low_contrast,0.464,0.02,0.008,0.494,0.014,0,0,1,0,0,1,0.012,0.006,0.682,,14.322666666666667
19_test,C:/Users/20804/Desktop/math/mathclass/data/processed/degraded/test/mixed/19_test_mixed_noise15_blur5.png,mixed,mixed,0.012,0.012,0.018,0.346,0.612,1,1,0,1,1,1,0.786,0.622,0.786,15,14.924666666666669
19_test,C:/Users/20804/Desktop/math/mathclass/data/processed/degraded/test/mixed/19_test_mixed_noise15_contrast06.png,mixed,mixed,0.012,0.06,0.0,0.012,0.916,1,0,1,1,0,1,0.99,0.0,0.652,15,14.546666666666667
19_test,C:/Users/20804/Desktop/math/mathclass/data/processed/degraded/test/mixed/19_test_mixed_blur5_contrast06.png,mixed,mixed,0.0,0.0,0.086,0.07,0.844,0,1,1,0,1,1,0.024,0.906,0.93,,14.903666666666666
19_test,C:/Users/20804/Desktop/math/mathclass/data/processed/degraded/test/mixed/19_test_mixed_noise15_blur5_contrast06.png,mixed,mixed,0.0,0.0,0.048,0.304,0.648,1,1,1,1,1,1,0.758,0.666,0.954,15,14.903666666666666
20_test,C:/Users/20804/Desktop/math/mathclass/data/processed/degraded/test/normal/20_test_normal.png,normal,normal,0.764,0.008,0.006,0.202,0.02,0,0,0,0,0,0,0.028,0.006,0.264,,13.296714285714286
20_test,C:/Users/20804/Desktop/math/mathclass/data/processed/degraded/test/noise/20_test_noise_sigma5.png,noise,noise,0.004,0.934,0.0,0.006,0.056,1,0,0,1,0,0,0.998,0.0,0.204,5,5.695380952380953
20_test,C:/Users/20804/Desktop/math/mathclass/data/processed/degraded/test/noise/20_test_noise_sigma15.png,noise,noise,0.0,0.996,0.0,0.0,0.004,1,0,0,1,0,0,1.0,0.0,0.042,15,14.711666666666668
20_test,C:/Users/20804/Desktop/math/mathclass/data/processed/degraded/test/noise/20_test_noise_sigma30.png,noise,noise,0.0,1.0,0.0,0.0,0.0,1,0,0,1,0,0,0.998,0.0,0.016,30,29.895
20_test,C:/Users/20804/Desktop/math/mathclass/data/processed/degraded/test/blur/20_test_blur_k3.png,blur,blur,0.0,0.0,0.792,0.148,0.06,0,1,0,0,1,0,0.014,0.92,0.214,,14.590666666666667
20_test,C:/Users/20804/Desktop/math/mathclass/data/processed/degraded/test/blur/20_test_blur_k5.png,blur,blur,0.0,0.0,0.848,0.038,0.114,0,1,0,0,1,0,0.052,0.972,0.162,,14.897333333333334
20_test,C:/Users/20804/Desktop/math/mathclass/data/processed/degraded/test/blur/20_test_blur_k7.png,blur,blur,0.002,0.0,0.758,0.034,0.206,0,1,0,0,1,0,0.012,0.988,0.266,,14.922333333333334
20_test,C:/Users/20804/Desktop/math/mathclass/data/processed/degraded/test/low_contrast/20_test_lowcontrast_alpha04.png,low_contrast,low_contrast,0.0,0.0,0.0,0.974,0.026,0,0,1,0,0,1,0.018,0.016,0.992,,15.0
20_test,C:/Users/20804/Desktop/math/mathclass/data/processed/degraded/test/low_contrast/20_test_lowcontrast_alpha06.png,low_contrast,low_contrast,0.004,0.0,0.006,0.954,0.036,0,0,1,0,0,1,0.026,0.086,0.984,,14.975
20_test,C:/Users/20804/Desktop/math/mathclass/data/processed/degraded/test/low_contrast/20_test_lowcontrast_alpha08.png,low_contrast,low_contrast,0.194,0.008,0.088,0.688,0.022,0,0,1,0,0,1,0.006,0.008,0.662,,13.747047619047619
20_test,C:/Users/20804/Desktop/math/mathclass/data/processed/degraded/test/mixed/20_test_mixed_noise15_blur5.png,mixed,mixed,0.006,0.008,0.058,0.096,0.832,1,1,0,1,1,0,0.822,0.896,0.272,15,14.934
20_test,C:/Users/20804/Desktop/math/mathclass/data/processed/degraded/test/mixed/20_test_mixed_noise15_contrast06.png,mixed,mixed,0.004,0.01,0.0,0.01,0.976,1,0,1,1,0,1,0.996,0.0,0.966,15,14.861666666666668
20_test,C:/Users/20804/Desktop/math/mathclass/data/processed/degraded/test/mixed/20_test_mixed_blur5_contrast06.png,mixed,mixed,0.0,0.0,0.004,0.078,0.918,0,1,1,0,1,1,0.02,0.858,0.992,,15.0
20_test,C:/Users/20804/Desktop/math/mathclass/data/processed/degraded/test/mixed/20_test_mixed_noise15_blur5_contrast06.png,mixed,mixed,0.0,0.0,0.002,0.188,0.81,1,1,1,1,1,1,0.8,0.722,0.998,15,15.0
